{
    "profile": [{
        "y": 199340,
        "values": {
            "mnt": 788.7
        },
        "dist": 0.0,
        "x": 541620
    }, {
        "y": 199384.0,
        "values": {
            "mnt": 789.1
        },
        "dist": 52.2,
        "x": 541648.0
    }, {
        "y": 199428.0,
        "values": {
            "mnt": 782.0
        },
        "dist": 104.3,
        "x": 541676.0
    }, {
        "y": 199472.0,
        "values": {
            "mnt": 771.2
        },
        "dist": 156.5,
        "x": 541704.0
    }, {
        "y": 199516.0,
        "values": {
            "mnt": 767.7
        },
        "dist": 208.6,
        "x": 541732.0
    }, {
        "y": 199560.0,
        "values": {
            "mnt": 771.0
        },
        "dist": 260.8,
        "x": 541760.0
    }, {
        "y": 199604.0,
        "values": {
            "mnt": 772.6
        },
        "dist": 312.9,
        "x": 541788.0
    }, {
        "y": 199648.0,
        "values": {
            "mnt": 771.3
        },
        "dist": 365.1,
        "x": 541816.0
    }, {
        "y": 199692.0,
        "values": {
            "mnt": 781.9
        },
        "dist": 417.2,
        "x": 541844.0
    }, {
        "y": 199736.0,
        "values": {
            "mnt": 785.7
        },
        "dist": 469.4,
        "x": 541872.0
    }, {
        "y": 199780.0,
        "values": {
            "mnt": 791.1
        },
        "dist": 521.5,
        "x": 541900.0
    }, {
        "y": 199824.0,
        "values": {
            "mnt": 798.7
        },
        "dist": 573.7,
        "x": 541928.0
    }, {
        "y": 199868.0,
        "values": {
            "mnt": 806.8
        },
        "dist": 625.8,
        "x": 541956.0
    }, {
        "y": 199912.0,
        "values": {
            "mnt": 814.0
        },
        "dist": 678.0,
        "x": 541984.0
    }, {
        "y": 199956.0,
        "values": {
            "mnt": 820.1
        },
        "dist": 730.2,
        "x": 542012.0
    }, {
        "y": 200000.0,
        "values": {
            "mnt": 826.9
        },
        "dist": 782.3,
        "x": 542040.0
    }, {
        "y": 200044.0,
        "values": {
            "mnt": 837.4
        },
        "dist": 834.5,
        "x": 542068.0
    }, {
        "y": 200088.0,
        "values": {
            "mnt": 852.8
        },
        "dist": 886.6,
        "x": 542096.0
    }, {
        "y": 200132.0,
        "values": {
            "mnt": 871.3
        },
        "dist": 938.8,
        "x": 542124.0
    }, {
        "y": 200176.0,
        "values": {
            "mnt": 890.8
        },
        "dist": 990.9,
        "x": 542152.0
    }, {
        "y": 200220.0,
        "values": {
            "mnt": 890.9
        },
        "dist": 1043.1,
        "x": 542180.0
    }, {
        "y": 200264.0,
        "values": {
            "mnt": 900.8
        },
        "dist": 1095.2,
        "x": 542208.0
    }, {
        "y": 200308.0,
        "values": {
            "mnt": 908.7
        },
        "dist": 1147.4,
        "x": 542236.0
    }, {
        "y": 200352.0,
        "values": {
            "mnt": 918.3
        },
        "dist": 1199.5,
        "x": 542264.0
    }, {
        "y": 200396.0,
        "values": {
            "mnt": 939.6
        },
        "dist": 1251.7,
        "x": 542292.0
    }, {
        "y": 200440.0,
        "values": {
            "mnt": 962.1
        },
        "dist": 1303.8,
        "x": 542320.0
    }, {
        "y": 200484.0,
        "values": {
            "mnt": 984.3
        },
        "dist": 1356.0,
        "x": 542348.0
    }, {
        "y": 200528.0,
        "values": {
            "mnt": 1002.7
        },
        "dist": 1408.1,
        "x": 542376.0
    }, {
        "y": 200572.0,
        "values": {
            "mnt": 1017.5
        },
        "dist": 1460.3,
        "x": 542404.0
    }, {
        "y": 200616.0,
        "values": {
            "mnt": 1031.0
        },
        "dist": 1512.5,
        "x": 542432.0
    }, {
        "y": 200660.0,
        "values": {
            "mnt": 1043.2
        },
        "dist": 1564.6,
        "x": 542460.0
    }, {
        "y": 200704.0,
        "values": {
            "mnt": 1052.7
        },
        "dist": 1616.8,
        "x": 542488.0
    }, {
        "y": 200748.0,
        "values": {
            "mnt": 1057.6
        },
        "dist": 1668.9,
        "x": 542516.0
    }, {
        "y": 200792.0,
        "values": {
            "mnt": 1063.8
        },
        "dist": 1721.1,
        "x": 542544.0
    }, {
        "y": 200836.0,
        "values": {
            "mnt": 1068.3
        },
        "dist": 1773.2,
        "x": 542572.0
    }, {
        "y": 200915.1724137931,
        "values": {
            "mnt": 1067.7
        },
        "dist": 1876.7,
        "x": 542638.6206896552
    }, {
        "y": 200950.3448275862,
        "values": {
            "mnt": 1067.6
        },
        "dist": 1928.9,
        "x": 542677.2413793104
    }, {
        "y": 200985.5172413793,
        "values": {
            "mnt": 1068.0
        },
        "dist": 1981.2,
        "x": 542715.8620689656
    }, {
        "y": 201020.6896551724,
        "values": {
            "mnt": 1068.6
        },
        "dist": 2033.4,
        "x": 542754.4827586206
    }, {
        "y": 201055.8620689655,
        "values": {
            "mnt": 1070.5
        },
        "dist": 2085.6,
        "x": 542793.1034482758
    }, {
        "y": 201091.0344827586,
        "values": {
            "mnt": 1071.7
        },
        "dist": 2137.9,
        "x": 542831.724137931
    }, {
        "y": 201126.2068965517,
        "values": {
            "mnt": 1068.0
        },
        "dist": 2190.1,
        "x": 542870.3448275862
    }, {
        "y": 201161.37931034484,
        "values": {
            "mnt": 1068.7
        },
        "dist": 2242.4,
        "x": 542908.9655172414
    }, {
        "y": 201196.55172413794,
        "values": {
            "mnt": 1071.3
        },
        "dist": 2294.6,
        "x": 542947.5862068966
    }, {
        "y": 201231.72413793104,
        "values": {
            "mnt": 1072.2
        },
        "dist": 2346.8,
        "x": 542986.2068965518
    }, {
        "y": 201266.89655172414,
        "values": {
            "mnt": 1070.0
        },
        "dist": 2399.1,
        "x": 543024.8275862068
    }, {
        "y": 201302.06896551725,
        "values": {
            "mnt": 1067.4
        },
        "dist": 2451.3,
        "x": 543063.448275862
    }, {
        "y": 201337.24137931035,
        "values": {
            "mnt": 1064.9
        },
        "dist": 2503.5,
        "x": 543102.0689655172
    }, {
        "y": 201372.41379310345,
        "values": {
            "mnt": 1061.4
        },
        "dist": 2555.8,
        "x": 543140.6896551724
    }, {
        "y": 201407.58620689655,
        "values": {
            "mnt": 1060.9
        },
        "dist": 2608.0,
        "x": 543179.3103448276
    }, {
        "y": 201442.75862068965,
        "values": {
            "mnt": 1061.1
        },
        "dist": 2660.2,
        "x": 543217.9310344828
    }, {
        "y": 201477.93103448275,
        "values": {
            "mnt": 1060.7
        },
        "dist": 2712.5,
        "x": 543256.551724138
    }, {
        "y": 201513.10344827586,
        "values": {
            "mnt": 1060.7
        },
        "dist": 2764.7,
        "x": 543295.1724137932
    }, {
        "y": 201548.27586206896,
        "values": {
            "mnt": 1061.1
        },
        "dist": 2817.0,
        "x": 543333.7931034482
    }, {
        "y": 201583.44827586206,
        "values": {
            "mnt": 1060.0
        },
        "dist": 2869.2,
        "x": 543372.4137931034
    }, {
        "y": 201618.62068965516,
        "values": {
            "mnt": 1057.0
        },
        "dist": 2921.4,
        "x": 543411.0344827586
    }, {
        "y": 201653.7931034483,
        "values": {
            "mnt": 1055.2
        },
        "dist": 2973.7,
        "x": 543449.6551724138
    }, {
        "y": 201688.9655172414,
        "values": {
            "mnt": 1054.7
        },
        "dist": 3025.9,
        "x": 543488.275862069
    }, {
        "y": 201724.1379310345,
        "values": {
            "mnt": 1054.6
        },
        "dist": 3078.1,
        "x": 543526.8965517242
    }, {
        "y": 201759.3103448276,
        "values": {
            "mnt": 1053.7
        },
        "dist": 3130.4,
        "x": 543565.5172413794
    }, {
        "y": 201794.4827586207,
        "values": {
            "mnt": 1049.1
        },
        "dist": 3182.6,
        "x": 543604.1379310344
    }, {
        "y": 201829.6551724138,
        "values": {
            "mnt": 1047.2
        },
        "dist": 3234.8,
        "x": 543642.7586206896
    }, {
        "y": 201864.8275862069,
        "values": {
            "mnt": 1045.5
        },
        "dist": 3287.1,
        "x": 543681.3793103448
    }, {
        "y": 201895.2380952381,
        "values": {
            "mnt": 1042.1
        },
        "dist": 3381.2,
        "x": 543770.4761904762
    }, {
        "y": 201890.47619047618,
        "values": {
            "mnt": 1042.5
        },
        "dist": 3431.9,
        "x": 543820.9523809524
    }, {
        "y": 201885.7142857143,
        "values": {
            "mnt": 1042.4
        },
        "dist": 3482.6,
        "x": 543871.4285714285
    }, {
        "y": 201880.95238095237,
        "values": {
            "mnt": 1041.3
        },
        "dist": 3533.3,
        "x": 543921.9047619047
    }, {
        "y": 201876.19047619047,
        "values": {
            "mnt": 1041.8
        },
        "dist": 3584.0,
        "x": 543972.380952381
    }, {
        "y": 201871.42857142858,
        "values": {
            "mnt": 1038.9
        },
        "dist": 3634.7,
        "x": 544022.8571428572
    }, {
        "y": 201866.66666666666,
        "values": {
            "mnt": 1039.2
        },
        "dist": 3685.4,
        "x": 544073.3333333334
    }, {
        "y": 201861.90476190476,
        "values": {
            "mnt": 1041.2
        },
        "dist": 3736.1,
        "x": 544123.8095238095
    }, {
        "y": 201857.14285714287,
        "values": {
            "mnt": 1042.2
        },
        "dist": 3786.8,
        "x": 544174.2857142857
    }, {
        "y": 201852.38095238095,
        "values": {
            "mnt": 1041.9
        },
        "dist": 3837.5,
        "x": 544224.7619047619
    }, {
        "y": 201847.61904761905,
        "values": {
            "mnt": 1038.8
        },
        "dist": 3888.2,
        "x": 544275.2380952381
    }, {
        "y": 201842.85714285713,
        "values": {
            "mnt": 1035.6
        },
        "dist": 3938.9,
        "x": 544325.7142857143
    }, {
        "y": 201838.09523809524,
        "values": {
            "mnt": 1026.3
        },
        "dist": 3989.6,
        "x": 544376.1904761905
    }, {
        "y": 201833.33333333334,
        "values": {
            "mnt": 1011.1
        },
        "dist": 4040.3,
        "x": 544426.6666666666
    }, {
        "y": 201828.57142857142,
        "values": {
            "mnt": 1007.5
        },
        "dist": 4091.0,
        "x": 544477.1428571428
    }, {
        "y": 201823.80952380953,
        "values": {
            "mnt": 1005.8
        },
        "dist": 4141.7,
        "x": 544527.619047619
    }, {
        "y": 201819.04761904763,
        "values": {
            "mnt": 1006.1
        },
        "dist": 4192.4,
        "x": 544578.0952380953
    }, {
        "y": 201814.2857142857,
        "values": {
            "mnt": 1007.5
        },
        "dist": 4243.1,
        "x": 544628.5714285715
    }, {
        "y": 201809.52380952382,
        "values": {
            "mnt": 1010.8
        },
        "dist": 4293.8,
        "x": 544679.0476190476
    }, {
        "y": 201804.7619047619,
        "values": {
            "mnt": 1018.2
        },
        "dist": 4344.5,
        "x": 544729.5238095238
    }, {
        "y": 201749.33333333334,
        "values": {
            "mnt": 1036.8
        },
        "dist": 4423.2,
        "x": 544785.3333333334
    }, {
        "y": 201698.66666666666,
        "values": {
            "mnt": 1050.7
        },
        "dist": 4474.1,
        "x": 544790.6666666666
    }, {
        "y": 201648.0,
        "values": {
            "mnt": 1061.0
        },
        "dist": 4525.1,
        "x": 544796.0
    }, {
        "y": 201597.33333333334,
        "values": {
            "mnt": 1069.5
        },
        "dist": 4576.0,
        "x": 544801.3333333334
    }, {
        "y": 201546.66666666666,
        "values": {
            "mnt": 1075.0
        },
        "dist": 4627.0,
        "x": 544806.6666666666
    }, {
        "y": 201496.0,
        "values": {
            "mnt": 1043.9
        },
        "dist": 4677.9,
        "x": 544812.0
    }, {
        "y": 201445.33333333334,
        "values": {
            "mnt": 1006.9
        },
        "dist": 4728.9,
        "x": 544817.3333333334
    }, {
        "y": 201394.66666666666,
        "values": {
            "mnt": 968.4
        },
        "dist": 4779.8,
        "x": 544822.6666666666
    }, {
        "y": 201344.0,
        "values": {
            "mnt": 936.3
        },
        "dist": 4830.8,
        "x": 544828.0
    }, {
        "y": 201293.33333333334,
        "values": {
            "mnt": 914.6
        },
        "dist": 4881.7,
        "x": 544833.3333333334
    }, {
        "y": 201242.66666666666,
        "values": {
            "mnt": 893.6
        },
        "dist": 4932.7,
        "x": 544838.6666666666
    }, {
        "y": 201192.0,
        "values": {
            "mnt": 874.2
        },
        "dist": 4983.6,
        "x": 544844.0
    }, {
        "y": 201141.33333333334,
        "values": {
            "mnt": 849.4
        },
        "dist": 5034.5,
        "x": 544849.3333333334
    }, {
        "y": 201090.66666666666,
        "values": {
            "mnt": 829.2
        },
        "dist": 5085.5,
        "x": 544854.6666666666
    }]
}
